age,income,account_balance,transactions_last_30d,is_premium,target
59,62177,2272,25,0,0
59,60799,5135,26,0,0
45,53618,6514,19,0,0
37,58635,0,24,1,0
72,56538,10341,17,1,1
52,17014,21654,18,0,0
25,41498,0,19,0,0
36,43666,0,26,1,0
63,85213,9073,17,0,0
54,100706,10806,24,0,1
55,66231,6125,21,1,1
18,85423,9059,23,0,0
46,54897,3173,10,0,0
22,111511,10272,21,0,0
57,57735,18506,20,0,0
72,92632,744,20,0,0
68,103675,4727,27,0,0
33,56212,23531,15,1,0
34,91700,3071,23,0,0
63,81944,8479,20,0,0
50,84885,13735,22,0,0
51,74306,608,20,0,0
47,96794,3083,20,0,1
77,54226,0,19,1,0
73,71025,7792,30,0,1
37,34320,13064,19,0,0
75,76784,6454,18,1,1
68,73788,5699,13,0,0
77,33589,7013,20,0,0
22,76870,9595,15,1,1
59,97264,13725,29,0,0
33,77596,0,15,1,0
33,44896,6852,23,1,0
31,47573,6125,21,0,1
41,49805,22974,24,1,0
27,69313,3021,12,0,1
49,74429,19427,13,1,1
57,88110,1861,22,1,0
75,89714,12308,17,0,0
41,55484,1010,24,0,0
30,82003,25,17,0,0
62,15000,16562,18,1,1
77,55317,3762,22,1,0
38,51777,7232,17,0,0
26,78913,7349,20,0,0
49,51766,5310,17,0,0
44,82788,3474,21,0,0
30,55192,691,16,0,0
36,116930,13894,24,0,0
24,76904,1028,17,1,0
24,75825,0,32,1,1
52,38996,0,25,0,0
24,37239,2657,27,0,0
61,83304,8953,33,0,0
36,118619,0,16,0,0
18,78782,2761,25,0,0
62,72142,2628,18,1,0
74,96996,23021,15,1,1
67,121569,7714,18,0,0
74,73941,9314,20,0,0
62,77626,15055,22,0,0
28,73236,10579,19,0,0
59,99258,0,20,0,0
23,74563,6857,22,0,1
36,80805,12642,19,0,0
34,62971,16336,25,0,0
64,67729,4787,19,0,0
21,112486,10830,31,1,1
73,109647,6996,17,0,1
45,43985,12768,18,1,0
40,64823,17034,18,0,0
53,76028,5102,27,0,0
41,33028,4141,20,1,0
68,61456,15993,24,0,0
57,85359,4681,28,0,0
71,89243,0,24,1,0
28,66036,9149,17,0,0
68,60779,16009,14,0,0
47,106849,7633,20,0,0
38,57816,7806,24,0,0
52,45312,4517,24,0,0
29,35785,6382,16,0,0
38,95571,9311,18,1,0
43,72220,4748,21,1,1
44,46565,0,19,0,0
45,53761,3596,15,1,1
50,29613,0,18,0,0
47,30729,5227,23,0,0
29,109465,9089,28,1,1
25,73381,11684,14,1,0
50,45502,110,16,1,1
58,58664,4968,18,0,0
30,58347,3609,22,1,0
19,73360,18559,18,1,1
61,35206,0,21,0,0
65,87672,5116,21,0,0
52,77628,0,18,1,0
68,90302,14546,28,0,1
19,38564,6397,15,0,0
38,51817,0,16,0,0
79,78955,9449,27,0,0
64,86247,1287,15,0,0
68,74378,3351,19,0,0
56,49868,5398,29,1,1
45,70568,3970,19,0,0
76,87135,4020,19,1,1
28,42253,13222,20,0,0
60,63626,2751,18,0,0
52,93169,5741,27,1,1
75,81270,10685,26,1,0
19,62444,5785,30,1,1
74,92973,0,23,0,0
46,26368,5316,22,0,0
23,90596,3314,17,0,0
61,52345,16054,21,0,1
52,73630,5976,13,0,0
68,95146,3067,23,0,1
18,71375,12893,23,0,1
35,57214,2757,12,1,0
64,87908,6546,18,0,0
36,58256,18735,18,1,0
55,41900,18228,14,1,0
54,77933,7746,15,0,0
22,46854,0,18,0,0
44,51570,8024,19,0,0
40,49997,8376,20,0,0
50,82909,2477,19,1,0
61,98034,231,18,0,0
75,119985,7790,25,0,1
26,93580,0,29,1,0
39,66157,3229,24,1,0
34,96887,0,29,0,0
25,48201,4961,19,1,0
73,93239,0,14,0,0
37,101924,21797,13,0,1
38,59525,10122,19,0,1
69,95122,0,21,0,1
57,93009,13021,19,0,1
35,88608,3719,14,0,0
53,20789,6471,23,0,0
46,76258,5566,16,1,0
46,37600,5633,18,0,0
67,73350,1909,15,0,1
63,82307,19737,25,1,1
33,78974,19768,20,1,1
61,52127,5601,21,0,0
39,58277,4817,20,1,0
18,110990,0,25,0,0
50,81076,12238,25,0,1
46,88291,12267,17,0,1
76,97759,11531,27,1,1
41,98025,12272,22,1,1
77,45090,8656,17,1,0
26,87833,9323,28,1,1
71,65465,0,15,1,0
62,51498,0,23,0,0
67,78437,16181,17,1,1
37,73645,0,17,0,0
35,65144,6091,22,0,0
19,63648,0,23,0,0
46,78856,1007,19,0,0
60,39355,3670,13,0,0
65,74456,9132,17,0,0
58,64498,14297,18,0,0
76,105997,12019,23,1,0
21,90078,4230,23,0,1
28,97662,7659,27,1,1
44,93568,4713,26,1,0
26,57997,15877,22,0,0
28,69916,13899,18,0,0
72,105758,15187,13,0,0
75,36400,0,14,0,0
71,44306,1160,26,0,0
44,106357,0,24,1,0
79,51726,3652,24,0,1
79,75034,0,17,1,0
61,77542,3945,28,1,0
42,65671,0,20,1,1
27,54941,4669,21,0,0
24,45927,6363,15,1,0
76,45552,4684,16,0,0
64,95524,4793,15,0,1
25,100809,1791,19,1,0
20,125935,8680,14,1,1
52,81303,0,15,0,0
73,102785,7246,11,0,1
34,57433,5001,21,1,0
37,95175,1773,12,0,0
53,44687,6323,22,1,0
73,53061,8578,21,1,0
25,83972,19269,29,0,0
57,69197,14049,18,1,1
50,76624,0,16,1,1
73,47303,5492,18,1,1
47,71832,0,25,0,0
60,85549,19719,24,0,0
40,31313,10590,24,0,0
31,38045,0,14,1,0
34,103252,2092,26,1,1
75,125297,1310,20,0,0
54,80673,20102,24,1,1
35,57921,14768,28,0,0
71,87677,16293,10,0,0
45,54702,8503,21,1,0
78,59697,8335,21,0,0
19,80066,1851,17,0,0
67,93695,16610,15,0,1
49,62771,0,23,0,0
36,73108,2789,17,1,0
44,89654,4711,17,1,0
69,49606,16206,20,0,0
21,106422,14100,15,0,0
37,79361,14741,25,0,0
68,47438,12744,18,1,1
52,76913,8017,23,0,0
66,74281,13082,16,1,1
44,37829,5504,9,0,0
69,18181,9882,25,1,0
62,91571,5844,18,0,1
65,71689,9670,22,0,0
51,96143,19222,15,1,1
41,74325,11587,21,1,0
26,97309,16859,21,0,1
30,90224,17086,16,0,0
52,28570,13759,19,0,1
28,23981,0,20,0,0
69,92904,9326,24,1,1
79,95297,7496,15,1,1
73,129412,6912,19,0,1
65,129169,7333,27,1,0
18,59333,13692,22,1,1
67,105724,1894,20,0,0
71,72285,16769,15,0,0
67,51386,0,17,0,0
22,49592,0,18,1,0
63,94062,3834,16,1,0
54,96139,0,28,0,0
63,58034,32,19,0,0
41,65941,13118,24,0,0
39,98479,3332,20,1,1
40,74783,7158,14,1,0
36,47463,5369,30,1,1
23,86776,10775,22,0,0
42,84781,13056,18,0,0
29,84144,10493,22,1,0
59,76294,4070,23,0,0
73,111292,14320,26,0,0
44,70744,7176,25,0,0
73,96443,3458,21,0,0
44,44179,0,14,0,0
34,121704,2912,18,1,0
60,96311,3795,27,0,0
78,83641,7773,23,0,0
39,104444,4655,22,0,0
46,84367,0,21,0,0
73,65722,9350,14,0,0
52,95069,3509,15,1,0
39,61014,0,14,0,0
36,88116,15221,15,0,0
64,108255,12700,21,0,1
66,62010,920,16,0,0
60,70434,0,33,0,1
67,59238,22432,16,0,0
22,98020,13314,17,1,1
71,50976,4133,14,0,0
19,132748,118,21,0,0
48,20932,4914,34,1,0
32,79086,2759,24,0,0
78,67581,5613,22,1,0
31,58846,0,16,0,0
47,44541,5535,21,0,0
38,44030,13898,14,0,0
76,82881,9003,16,1,1
37,123515,0,27,1,1
78,80907,6373,20,1,0
27,83359,12731,16,0,0
50,122844,2632,14,1,1
38,72439,13645,25,0,0
40,74352,0,22,0,0
32,50621,4564,20,0,0
22,54757,12313,15,0,0
41,60115,12096,14,0,0
52,60450,7675,18,0,0
63,48563,11837,18,0,0
69,59850,450,29,1,1
43,112251,4543,17,0,0
71,49892,17147,21,0,0
25,80520,3589,18,0,1
63,58332,20307,20,0,0
66,27160,14852,16,0,0
52,40946,3743,18,1,0
33,39515,3584,20,0,0
70,74990,0,25,0,0
22,113868,0,16,0,0
66,66425,0,20,0,0
79,51737,12883,22,0,0
33,95452,1058,21,0,0
60,32956,0,19,1,0
75,15000,0,28,0,0
37,33087,3010,16,0,0
63,61622,5647,14,0,0
57,54274,11351,18,0,1
22,49087,2169,22,0,0
69,24880,3912,22,0,0
79,43027,8610,18,0,1
67,86234,0,17,0,0
58,99862,13186,23,1,1
51,57090,1281,16,0,0
66,107425,4894,23,1,0
76,59574,0,17,1,0
36,57436,0,19,0,0
78,56200,0,26,1,0
43,113348,225,22,0,0
26,69108,4355,17,1,1
47,77060,7038,21,0,0
27,57900,20499,18,0,0
69,35396,2753,22,0,1
38,90055,0,19,0,0
49,94991,0,14,0,0
51,47852,13052,23,0,0
68,48674,12320,21,0,1
61,99255,429,26,0,0
57,61837,14936,19,1,0
48,123517,0,21,0,0
29,35502,0,24,0,0
73,42470,12610,22,1,1
42,64674,6771,13,0,0
75,118164,14335,18,0,0
70,110325,5287,26,1,1
79,71570,1322,18,1,0
47,72647,4883,21,1,0
60,15000,0,22,0,0
74,96849,0,13,1,1
28,82952,4242,25,1,0
33,78924,0,17,1,0
69,63251,4838,19,1,0
37,64347,7149,26,0,0
47,49228,13,19,0,0
76,52825,18957,14,0,0
55,57886,2949,21,1,0
49,41653,4225,25,0,0
53,64641,4520,25,0,0
72,62952,9686,19,0,0
42,47190,4481,18,1,0
74,58640,4338,11,0,0
69,79460,17988,14,0,0
24,80296,9570,29,1,1
79,68329,4831,25,1,0
23,43014,9290,22,0,0
21,121963,17327,15,1,1
77,32062,0,19,0,0
54,69085,4129,17,0,0
64,80908,4086,25,1,0
70,129559,5071,27,0,1
68,94130,11004,17,1,1
48,44136,0,15,1,0
74,62276,0,18,0,0
26,87768,2465,13,1,1
20,123056,14189,20,1,0
76,134090,11903,14,1,1
51,46892,0,21,0,0
26,15000,3383,22,0,0
74,54955,14239,23,0,1
53,51260,2230,20,0,0
49,17988,10857,13,0,0
63,64504,14832,17,0,0
62,38559,0,16,1,0
46,63854,2629,16,0,0
68,67938,8517,15,1,0
75,74040,9738,18,0,0
79,70942,5026,25,0,0
49,75215,0,24,0,0
39,105029,18531,21,0,0
35,91279,11080,11,0,1
45,95994,1340,22,1,1
64,72257,6882,16,0,0
35,91005,0,17,0,0
18,95103,2128,19,1,1
38,91603,0,23,1,0
50,85431,0,22,1,0
32,51963,10276,25,0,0
32,70385,15817,23,1,0
75,85605,0,17,1,0
59,94622,5982,27,0,0
32,62856,0,13,0,0
21,85856,2033,19,0,0
27,56144,17100,18,0,0
37,69344,6793,16,0,0
68,38774,0,21,1,0
21,26354,7453,14,1,0
32,71997,13732,18,0,0
75,41446,7392,26,0,0
57,35203,1047,18,1,0
59,62615,0,11,1,0
57,95104,0,20,0,0
43,62482,5396,12,0,0
23,18910,19064,16,0,0
78,76896,6582,14,1,1
46,86096,20434,20,1,1
21,54518,8834,21,0,0
73,15000,10845,16,1,0
58,121585,2056,11,1,0
73,48669,12634,16,0,0
64,92293,8430,18,0,1
20,83508,8923,14,1,1
22,66269,15662,22,1,0
58,23610,8020,12,0,0
43,80232,0,26,0,0
27,26590,1273,24,1,0
46,87900,2546,20,0,0
79,67492,15630,15,1,0
59,70682,7589,17,0,0
63,85844,0,25,0,1
40,85379,12927,17,1,0
34,50788,8548,16,0,0
47,35611,0,20,0,0
25,70172,2514,21,0,1
30,105506,16982,19,0,0
34,106763,16245,20,1,1
59,53559,20597,10,1,0
68,101644,17627,18,0,1
35,82520,0,18,1,0
54,40165,6393,20,1,0
24,86996,765,21,1,0
23,79511,0,23,1,0
46,48036,2068,24,0,0
21,50239,17983,21,0,0
45,85869,8565,17,0,0
69,27252,12620,33,0,0
73,123072,640,15,1,0
51,72150,10081,17,0,0
75,75283,6756,21,0,0
29,19572,8918,27,1,0
44,88605,12507,13,0,0
58,44394,10410,22,1,1
21,96731,14051,19,1,0
20,22007,18640,15,0,0
37,57980,10725,16,0,1
24,67577,0,22,0,0
41,23661,10719,24,0,0
20,41206,9271,17,0,0
23,111584,10314,18,0,0
18,76297,6216,18,0,0
33,63567,2027,24,0,1
57,90109,4646,16,0,0
56,59984,0,14,0,0
60,57329,0,21,0,0
29,89924,6492,23,1,1
62,15000,0,21,0,0
74,88963,4520,26,0,1
61,122666,6593,19,1,0
38,31587,2315,20,1,0
27,67613,0,22,0,0
68,58288,4181,24,0,0
46,101149,5633,21,0,0
55,97390,6369,17,0,0
65,94850,5112,12,1,0
72,67775,11558,21,0,0
27,30863,4777,30,0,0
50,15000,11725,18,0,0
56,84680,140,24,0,0
36,68716,16177,23,0,0
21,78520,2424,17,1,0
51,99160,0,17,0,0
77,85084,0,27,1,1
38,95485,6791,17,0,0
64,110921,0,20,1,1
22,70512,3745,24,1,1
66,35950,6169,27,0,0
41,75069,0,23,1,0
78,68437,0,22,1,0
39,53071,7456,20,0,0
64,87541,13170,17,1,0
42,75313,1837,18,1,0
25,94869,12171,13,0,0
23,80946,0,15,1,0
24,69688,0,24,1,1
31,85068,0,14,0,1
27,62715,20424,23,1,0
41,52142,6567,23,0,0
31,78601,18870,15,1,1
21,42711,4581,15,1,0
63,36224,9202,22,1,0
60,89872,0,20,1,1
60,40470,4343,6,1,0
59,15000,7616,19,0,0
33,65693,1726,16,0,0
55,89363,8542,19,0,0
31,54832,2229,15,0,0
27,54968,12631,18,1,0
54,55240,8039,14,1,0
56,70972,16713,15,0,0
32,103187,7531,21,0,0
61,74701,13465,19,1,1
35,73639,8250,21,0,0
77,67481,0,21,0,0
56,86915,0,9,0,0
54,37430,5485,18,0,0
33,89140,13495,22,0,1
64,60417,6995,22,0,0
57,102871,0,23,0,0
30,97963,8566,18,0,0
71,63789,14391,17,1,1
25,92219,12247,15,0,0
36,56023,8309,21,0,0
37,101207,5265,20,0,0
44,90427,4732,17,0,0
18,82900,9964,20,0,0
38,90923,0,22,0,0
27,42622,0,19,1,0
78,48155,2976,15,0,1
18,74577,2821,20,0,0
78,46813,11243,22,0,1
19,67957,5992,22,0,0
50,104364,0,22,0,0
52,42960,0,16,1,0
45,97099,13578,27,1,1
56,56759,15626,20,0,0
49,86805,13861,25,1,1
73,75751,8635,20,1,0
44,97734,1072,14,0,0
23,131571,2658,24,0,0
65,46498,9042,23,1,0
22,104410,5232,19,1,0
51,51528,7602,20,0,0
69,39077,18374,24,1,0
55,78956,17138,16,1,1
77,107920,4464,16,0,0
75,76353,6413,25,0,1
61,68298,8465,29,0,0
55,67741,0,25,0,0
60,81625,4686,17,0,0
42,75321,0,14,0,0
59,79388,17322,18,0,1
31,63003,2067,18,0,0
44,43939,16179,21,0,1
22,71455,13117,15,1,0
50,66136,5288,21,0,0
46,56920,15039,21,0,0
29,65539,4099,19,1,0
64,56711,514,22,0,0
47,85542,5817,14,0,0
37,103523,3872,23,0,0
26,46133,0,20,0,0
67,70721,1717,14,0,0
41,66070,4648,17,0,0
63,97829,9711,18,1,1
23,31826,6361,19,1,1
33,89733,1715,18,1,1
53,15000,11766,24,1,0
72,61743,9695,17,0,1
49,34059,19222,19,0,1
67,74763,12183,20,0,0
78,54837,1964,22,1,0
56,32406,3532,17,0,1
61,124431,0,12,0,1
23,62865,8269,12,1,0
33,88665,9838,22,1,0
37,121900,23427,18,0,1
72,85036,6908,12,0,0
36,86097,5140,24,1,0
52,140732,9490,19,1,1
70,78637,1025,19,1,0
20,42979,20363,21,0,0
53,57296,11762,26,0,0
29,52146,5521,16,0,0
68,85403,5902,20,0,1
61,55450,0,22,1,0
28,84589,15066,15,0,0
46,86171,9819,14,0,0
34,95333,12389,21,0,0
58,62849,3795,17,1,0
20,66417,7352,9,0,0
56,64250,9124,15,1,0
39,65226,12626,17,0,0
21,47834,1808,20,0,0
64,95591,17016,15,0,0
42,125941,492,19,0,0
47,52834,11717,29,0,0
35,71565,22646,24,1,1
27,98983,0,28,1,0
56,76000,2231,24,1,0
49,49984,9200,15,0,0
75,84449,15808,23,0,0
60,83585,8031,25,0,1
75,39312,4082,23,1,0
33,108562,0,22,0,0
70,80038,0,22,0,0
71,64283,11820,18,0,1
71,87253,1418,19,0,0
49,58451,13414,28,1,1
44,119936,12318,19,1,1
73,68390,6832,16,1,0
40,83186,0,26,0,0
78,63478,15585,15,1,1
28,51058,0,20,1,0
53,58238,11113,22,0,1
23,67650,4601,22,0,0
56,61804,13520,18,1,1
55,52379,7159,18,0,0
26,72896,18729,23,1,1
67,122255,8793,22,1,1
67,124327,8022,17,1,1
35,77075,11486,19,0,0
20,89226,8341,22,1,0
78,95825,568,19,0,0
34,56760,0,16,0,0
55,68784,0,24,0,0
21,72902,17450,24,1,0
39,15000,12500,20,1,0
44,105356,19338,26,0,1
43,87977,0,15,0,0
49,103994,18952,23,0,0
18,43900,350,15,0,0
78,53016,0,19,1,0
53,51478,0,20,0,0
56,44847,13947,18,0,0
22,89070,4900,17,1,1
67,48877,16170,22,1,1
39,79592,3953,27,0,0
42,57948,0,26,1,0
73,89531,0,17,0,1
32,41788,9337,12,0,0
63,76545,2682,21,0,0
21,44594,0,14,0,0
36,40883,19473,26,1,0
31,63217,2626,17,0,0
27,87364,0,25,1,1
35,83966,0,16,1,0
70,95026,2942,21,1,0
54,77371,0,24,1,0
68,86152,158,22,0,1
70,76970,12394,14,1,0
32,92048,11750,19,1,1
67,82987,0,17,1,0
57,90759,0,24,0,1
49,59223,8303,29,0,0
53,32352,6597,17,1,0
74,113895,282,20,0,0
59,96150,5209,22,0,0
39,40107,1281,21,1,0
56,79120,3673,22,0,0
75,66839,9142,21,1,1
49,97270,4797,17,0,0
44,102797,1843,22,1,0
35,116715,7856,13,0,1
78,75823,7629,21,1,0
37,21506,10344,22,0,0
46,72541,10400,21,0,1
42,97024,0,19,1,0
33,15000,0,31,0,0
66,86633,15932,25,0,0
41,62947,30471,24,0,0
36,67424,5207,14,1,0
42,64337,15082,19,0,0
70,88994,17402,19,0,0
51,48309,3257,15,1,0
32,49632,9720,26,1,1
54,99192,7284,22,1,1
71,82348,18348,20,1,0
52,36214,3416,20,0,0
43,68537,6736,20,0,0
23,98888,10518,34,1,1
79,98829,0,22,1,0
18,88078,8581,23,0,0
72,63447,0,16,0,0
37,55921,12446,19,1,1
51,80408,0,22,1,1
63,60455,4785,20,1,1
45,55603,8442,22,0,0
45,137014,12927,16,1,1
26,98217,0,16,0,0
29,55051,0,24,0,0
57,70440,24361,14,0,0
22,81180,16356,25,0,0
58,83472,0,11,0,0
43,102775,0,20,1,0
38,65154,5780,17,0,0
44,82977,8200,24,0,0
42,51334,13028,16,0,0
56,39112,0,19,0,0
54,57156,1608,19,1,0
56,111721,12745,14,0,0
48,37341,7530,20,1,0
71,138816,6599,23,0,0
45,65747,0,19,1,0
19,113057,1591,16,1,0
27,79376,14154,28,0,0
26,86378,4880,16,0,0
48,38760,1716,15,1,0
75,54316,24845,21,1,1
44,62101,15238,29,0,0
39,78399,717,21,0,0
60,63327,7512,12,0,0
73,74416,4297,18,0,0
57,110375,11262,32,1,0
78,58454,0,21,0,0
54,91667,8350,17,0,0
39,43559,0,23,1,0
40,63322,8359,24,0,0
75,66877,14255,22,0,0
33,69519,6329,14,0,0
70,75146,1854,20,1,0
53,69674,0,11,1,0
73,54428,9490,18,0,0
37,81363,0,26,1,0
56,41079,0,22,1,1
58,104574,2575,30,1,0
19,67696,19036,27,0,0
20,71153,3129,22,1,0
61,54196,2250,18,1,0
77,75842,18621,22,0,0
66,67922,10153,17,0,0
27,66945,10532,17,0,0
21,30703,1633,22,1,0
18,87411,1446,24,0,0
54,69329,25528,32,0,1
19,77351,17995,11,0,0
28,70494,3561,17,1,0
39,89378,9847,23,0,1
25,64666,13816,22,1,1
36,65193,532,16,1,0
44,92314,0,28,1,0
59,83590,0,20,0,0
60,61423,2493,26,1,1
46,54007,7533,22,0,0
51,43881,8227,16,0,0
64,42945,595,23,0,0
37,74985,0,16,0,0
30,44522,16312,22,0,0
46,38029,1330,22,1,0
67,82824,17768,25,0,0
65,42771,13995,21,0,0
24,41915,10356,14,1,0
77,95896,10969,23,1,1
62,86320,7518,15,1,0
45,67936,1742,27,0,0
58,76118,0,20,0,0
48,36760,9424,27,1,0
24,130164,14153,19,1,0
26,62192,3604,18,0,0
78,54222,4158,26,0,1
72,67818,0,25,1,0
52,74918,0,16,1,0
46,15000,14835,15,0,0
19,58863,11238,20,1,0
78,73368,6329,11,1,1
78,96407,9663,26,1,0
60,118376,5709,23,0,1
41,80780,8133,22,0,0
59,53071,5635,22,0,0
25,77828,11046,27,0,0
32,62919,6598,16,0,0
63,83953,3999,21,0,0
60,73268,5342,13,1,1
25,63802,9769,29,1,0
57,71732,3640,15,1,1
40,59246,15533,23,0,0
55,40231,0,16,1,0
51,109347,0,26,0,0
58,91570,9145,21,1,0
39,70793,3733,26,0,0
21,20641,7240,31,0,1
75,94156,9737,24,0,1
68,67604,4826,15,0,0
40,67490,0,13,1,0
20,123255,10348,21,0,0
43,56696,4067,21,1,0
27,54308,12307,22,1,0
36,85794,3537,22,0,0
28,78913,10073,21,0,0
51,56523,0,19,0,0
18,64824,2966,28,0,0
21,37039,14724,12,1,1
66,77164,1746,18,0,0
45,82549,9881,23,0,0
35,15000,9547,23,0,0
70,61209,5672,24,1,1
32,28403,7177,22,0,0
43,82150,0,22,0,0
64,47490,11986,17,0,0
46,111519,7433,25,0,0
55,82189,1654,17,1,1
40,63511,0,22,0,0
58,84232,4793,25,1,1
23,25829,10647,38,0,0
37,71086,11354,26,0,0
45,93498,13514,20,0,0
77,85956,0,18,0,0
52,83044,0,15,1,0
27,23111,7917,13,0,0
27,55923,0,24,0,0
76,67393,0,30,1,0
34,46849,5728,24,0,0
63,55633,10387,15,0,0
29,99798,12182,28,0,0
51,26809,8124,19,0,0
29,97874,14803,22,0,0
59,92088,14126,24,0,0
40,54249,7492,19,0,0
58,38091,2232,18,0,0
23,48471,2711,25,1,0
57,112639,1413,25,1,0
39,62576,0,17,0,0
61,96045,10131,22,0,1
71,89731,2889,22,1,0
61,79394,8907,15,1,0
74,96776,645,17,0,0
56,44215,0,17,1,0
52,67134,2540,14,0,0
50,67757,0,23,0,0
51,79780,7053,18,0,1
45,83493,12300,17,0,1
67,16909,3589,17,1,0
71,87842,0,17,0,0
48,84483,0,17,0,0
48,77458,6412,25,0,0
70,92375,497,18,1,0
31,58182,4439,17,0,0
61,95473,11235,20,0,0
79,86205,11391,25,0,1
52,89356,12032,14,0,0
44,59528,0,12,0,0
70,64482,0,17,1,1
28,59339,2257,23,0,0
24,66273,10951,18,1,0
72,77046,3500,15,0,1
62,92902,21938,18,0,1
50,87477,3994,12,1,1
64,61950,2581,18,0,0
71,82285,0,21,1,0
35,76412,0,27,0,0
21,84738,10366,17,0,0
26,66368,0,16,0,0
53,94950,8484,23,0,0
21,38716,15270,30,0,0
75,60928,0,14,0,0
30,116912,2873,25,1,0
47,61116,9660,17,0,0
42,72087,0,22,1,0
41,100169,13156,21,0,0
66,64989,11295,20,0,0
60,84586,0,18,0,1
55,102546,6296,22,0,0
68,98069,3774,19,1,0
73,76427,15750,18,0,0
37,78584,7294,27,0,1
75,64888,0,20,0,0
36,123859,7095,21,1,0
57,51324,8814,16,0,0
27,81212,0,19,0,0
28,52263,13260,16,0,0
28,108775,1867,20,0,0
65,108683,7926,16,1,1
28,90203,2250,23,1,0
58,62186,21183,16,1,1
45,125124,24913,12,0,0
68,104638,16481,20,1,1
27,93596,1518,16,0,0
65,114919,14963,21,0,1
28,67105,1480,23,0,0
62,51971,8065,19,0,0
58,30372,11270,16,0,0
27,64449,2548,23,0,0
64,37555,6727,17,0,0
39,45088,21512,18,1,0
78,63190,22654,17,0,1
22,40753,8581,20,0,0
25,68062,5562,19,0,0
58,69556,3412,15,1,1
32,87664,10633,23,0,0
63,66103,4005,14,0,0
37,32537,9341,18,0,0
59,71181,0,20,0,0
43,43549,0,32,1,0
56,73885,13744,22,1,0
71,69533,12933,24,1,1
21,74542,12175,26,0,0
35,43072,0,15,0,0
74,49372,297,25,1,0
76,40506,2151,22,0,0
37,97799,0,19,1,0
23,54365,0,21,0,0
37,76465,5530,14,1,0
18,59137,7327,20,1,0
33,96139,3054,13,1,0
46,92339,4269,29,0,0
34,65143,4862,20,0,1
67,77409,13690,29,0,0
36,83323,6740,24,0,0
65,48855,7236,20,1,1
38,62232,13180,17,1,0
70,81760,10101,15,0,0
49,62485,5903,22,1,0
73,82330,10664,17,0,0
34,52651,0,25,0,0
37,71271,4076,23,1,1
56,89807,12023,21,0,0
48,78658,8392,13,0,0
21,48438,9984,12,0,0
38,74034,0,20,0,0
37,42545,0,20,1,0
72,78700,12783,20,0,1
69,77699,0,19,1,0
75,71235,0,17,0,0
53,47465,4170,24,1,1
32,75149,1876,22,0,0
56,64377,13038,13,0,0
31,92080,2042,28,0,0
79,42940,6241,22,0,1
53,101491,1350,16,1,0
71,136155,0,22,1,1
44,91815,3956,23,1,0
20,52717,9589,20,0,0
79,68776,6179,19,1,1
52,80008,0,23,0,0
33,35838,21999,28,1,0
55,70789,5048,25,0,0
27,49701,1578,15,1,0
34,50603,13913,28,0,0
69,72978,3138,18,0,0
60,85351,0,11,0,0
29,64266,8058,19,0,0
47,103433,4207,18,1,1
75,98234,9882,22,0,0
49,57946,16499,19,1,1
62,82518,13675,25,0,0
73,36214,0,18,0,0
40,84940,10496,18,0,0
75,87076,5698,15,0,1
39,81658,4671,21,1,0
47,78988,3853,27,0,0
23,98101,11166,30,1,1
63,56346,0,20,0,0
57,127381,72,14,0,0
62,64267,0,23,1,0
31,29583,0,20,1,0
73,15000,6294,24,0,0
50,96410,4002,21,1,0
42,62929,4132,20,0,0
63,63466,14792,14,1,1
33,105319,9501,12,0,0
29,79348,3051,19,0,0
33,85440,11766,15,0,0
42,107508,11381,12,0,0
58,82479,8336,21,0,0
60,83634,7936,26,1,1
18,79634,10076,20,1,0
54,107640,9950,19,0,0
34,50986,1255,24,0,0
19,71128,2968,23,0,0
37,53884,17258,22,1,1
26,45556,3661,23,0,0
36,79022,5806,27,0,1
33,50476,17069,26,0,0
63,77440,12937,19,1,1
20,88651,10320,20,0,1
22,23376,11159,21,0,0
29,87450,14640,14,0,1
28,45847,0,19,0,0
60,60579,2241,26,0,0
24,67252,5016,18,0,0
28,52554,1721,20,1,0
77,52238,0,15,1,0
78,68858,272,23,0,0
47,72137,6420,26,1,0
75,33070,9050,27,0,0
47,102006,3240,23,0,0
63,72319,5405,17,0,0
55,87025,0,24,0,0
66,81684,12823,23,1,1
68,70556,1547,20,0,0
60,65199,9691,21,0,0
57,97316,9897,30,0,0
21,27884,7194,18,1,0
68,86313,3543,14,1,1
64,75542,0,21,1,0
67,15872,8478,23,0,0
43,42486,0,16,0,0
18,105189,7824,21,1,0
64,24871,12806,20,0,0
76,95895,7864,12,0,0
71,15000,4133,24,1,0
74,90921,11448,21,0,0
35,65415,1133,16,1,0
40,71701,15860,19,0,1
42,21819,2204,19,0,0
53,76716,0,17,0,0
44,46859,467,21,1,0
70,103107,1590,26,1,1
42,67770,1483,23,0,1
79,66290,3198,26,1,0
57,104196,0,27,0,0
40,61244,11243,14,0,0
61,48520,0,24,0,0
32,24187,8074,18,0,0
26,80612,8001,16,1,0
27,39576,8455,29,0,0
55,38918,17905,24,0,0
19,86104,3001,20,0,0
22,55927,16961,18,0,0
33,60374,6614,21,1,0
63,87153,0,26,0,1
50,42226,8114,29,1,0
51,42180,16505,25,0,0
37,73024,0,18,1,1
49,97776,9269,20,1,1
47,47283,10706,27,0,1
21,15000,7682,19,0,0
65,85412,0,15,1,0
43,98205,20482,15,0,0
34,132084,4411,22,0,1
68,75158,5175,29,1,0
76,55778,5572,17,1,0
57,78723,11880,19,0,0
19,35937,8442,20,1,0
66,81127,0,14,0,1
59,82627,0,16,1,0
29,93873,2084,18,1,0
23,32723,0,26,0,0
79,58238,17368,10,0,1
21,78503,3358,14,0,0
57,71613,4819,17,0,0
52,41562,0,14,0,0
39,78075,9474,26,1,0
54,95588,0,21,0,0
45,54726,9680,21,0,0
50,120041,9477,16,0,0
21,15000,11709,20,1,1
23,70678,0,16,1,0
25,70772,0,24,0,0
76,82981,3979,16,0,0
34,52002,2388,16,0,0
20,61503,12411,15,0,0
64,61457,6675,22,1,0
58,87785,7476,15,0,0
54,86565,7226,22,0,0
75,88102,0,21,0,0
23,79668,3019,19,0,0
28,105224,0,24,0,0
60,68660,0,19,0,0
43,100244,6221,25,0,0
21,121036,10869,26,0,1
46,81057,6366,24,0,0
62,15000,6648,23,1,0
78,72208,0,20,0,0
48,89505,4875,26,0,0
39,98528,2977,24,1,0
73,57296,14911,13,0,0
72,83048,2137,13,0,0
72,126941,878,19,0,0
45,61208,16582,21,0,0
41,15000,5487,17,0,0
62,36714,7297,11,1,1
22,93465,0,23,0,0
46,49298,7167,18,1,1
35,118688,7660,21,1,1
70,56119,2007,15,0,0
46,50537,7982,16,0,0
44,81191,0,22,0,0
45,15364,10957,23,1,1
65,55966,5647,14,1,0
73,42219,2712,6,0,0
42,39996,10513,15,1,0
75,46847,3250,29,0,0
20,59014,1444,21,0,0
44,47466,0,16,0,0
34,109053,17829,22,1,0
40,49216,8698,28,0,0
67,94733,5928,14,1,1
46,70729,18950,21,1,0
27,69004,6082,17,0,0
70,46543,11427,25,0,0
48,84020,2500,25,0,0
56,109754,19770,24,1,1
64,26825,18319,22,0,0
58,42215,5657,25,0,0
75,55511,280,28,1,1
70,65527,0,20,1,0
73,117631,406,22,0,0
75,74488,4542,16,1,1
62,36152,1728,27,0,1
44,72859,2135,28,1,0
54,74810,0,24,0,0
63,58413,4202,18,1,0
76,84529,6874,17,1,1
68,57436,6168,21,1,1
23,55377,1969,15,0,0
56,53759,6128,15,0,0
56,63702,10641,29,0,0
29,43452,7581,16,1,1
22,107386,7960,23,1,0
34,72787,6406,21,0,1
68,60901,3975,18,0,0
53,93808,12801,30,0,1
62,35393,447,21,0,0
66,37770,0,19,0,0
41,51891,0,24,1,0
29,84215,25128,21,0,1
61,58099,9585,13,0,0
53,65104,0,18,1,0
26,42805,13341,18,0,0
20,80655,4406,21,0,0
65,80483,0,19,0,0
34,50628,0,21,0,0
54,60006,10862,22,1,0
78,37068,420,22,0,0
67,45914,9848,29,0,0
59,84282,0,21,0,0
57,95294,0,25,1,0
64,62016,4089,24,0,0
42,92988,9715,18,0,0
63,68934,17704,10,1,0
70,74236,20276,24,0,0
33,100433,0,20,1,0
37,67891,6086,15,0,0
23,71543,18047,19,1,0
41,61612,943,27,1,0
77,51329,10666,12,1,0
66,89079,10586,17,0,0
36,86947,13355,23,0,0
46,69984,3424,25,1,0
57,44218,4642,33,0,0
54,97072,4353,12,0,0
54,59712,6354,21,1,1
65,36921,12850,16,0,0
50,75727,1546,27,0,0
74,51731,642,20,0,0
79,114922,0,22,0,1
57,95741,2487,19,0,0
29,26434,10656,25,1,0
46,91076,14461,26,0,0
60,45466,13764,21,0,0
58,68598,3467,21,0,0
48,69940,0,15,0,0
72,92430,4706,21,0,1
67,83045,0,24,1,0
56,15000,9192,23,0,0
60,72622,5943,21,0,0
73,83218,0,23,1,1
65,71731,7583,21,0,0
32,96520,8823,14,1,1
39,73381,6281,17,1,0
42,116859,1653,23,1,0
24,82114,6529,19,0,1
79,100743,5897,18,0,1
52,99892,8201,22,0,0
26,51648,13619,18,1,0
18,39181,2524,23,0,0
29,47249,3337,25,0,0
55,70318,3872,26,0,0
30,75517,7770,24,1,1
54,85755,13580,19,1,1
33,50830,0,24,1,0
43,56170,16316,22,1,0
29,30447,4791,20,0,0
77,112944,2434,13,0,0
65,41455,5880,17,0,0
74,74905,15869,25,1,1
40,95617,0,17,0,0
68,121608,18306,21,0,0
20,39695,14530,20,0,0
55,68693,9441,25,0,0
69,86073,1272,29,0,1
74,63722,5134,18,0,0
30,81293,9414,16,0,0
75,92408,894,19,0,0
51,30383,17343,20,1,0
71,24414,9151,22,0,0
28,47097,3481,22,0,0
63,81306,3803,26,1,0
74,42576,3240,25,0,1
40,51968,5137,21,0,0
48,71910,2726,29,0,0
53,53889,3692,19,0,0
50,163706,0,20,0,0
26,98415,0,17,1,0
42,33851,4979,28,1,0
47,43014,5599,12,0,0
74,33506,10692,16,1,0
46,47924,9642,22,1,1
24,38104,4273,17,0,0
21,92696,0,18,0,0
75,105584,0,30,1,0
62,38244,1583,18,0,0
50,79227,17498,26,0,0
67,58530,0,28,0,0
31,75387,3976,18,0,0
20,85365,0,27,0,0
33,71892,12860,12,1,0
69,34316,7129,14,1,0
37,73596,2204,20,0,0
18,65265,12079,18,0,0
53,52085,13488,18,0,0
72,85731,8587,15,0,0
31,86734,13057,20,0,0
47,59343,175,20,0,0
76,22342,12924,17,0,0
75,129696,8841,12,1,1
49,61832,16314,11,0,0
18,82166,19610,21,1,1
75,99967,16727,16,1,1
57,46762,0,25,0,0
55,106032,7555,28,0,1
47,53330,9120,24,0,0
23,117609,1379,24,0,0
54,123499,4836,20,0,0
67,66545,6749,18,0,0
18,77249,4501,21,0,0
37,67021,1521,22,0,0
54,100936,23443,22,1,0
52,79087,5886,24,0,0
37,52866,11076,22,1,0
75,59191,7222,11,0,1
67,83180,14856,16,1,0
41,27929,6280,15,0,0
59,86544,20047,12,0,0
19,88835,0,26,1,0
64,76490,5319,26,0,0
52,76578,3678,16,0,0
35,85287,4298,29,0,0
77,68664,1705,12,0,0
18,66070,3853,19,1,0
41,51979,0,23,0,0
50,22496,0,19,0,0
50,86048,9960,16,0,0
64,62807,2137,17,0,0
29,142984,0,23,0,0
58,70310,9821,23,0,0
56,56150,5909,22,0,0
29,110265,0,15,1,1
77,69833,12233,27,1,1
76,110090,21677,17,1,1
43,33670,13248,21,0,1
26,54550,0,20,0,0
19,15000,3573,25,1,0
62,103037,0,19,0,1
29,65471,0,20,1,0
40,80499,2136,16,0,0
33,115319,13959,22,0,0
69,74582,15391,24,0,0
70,51140,4645,19,1,0
54,69647,0,15,1,0
45,30585,12777,22,0,0
78,77482,6851,26,0,0
61,18466,11685,22,0,0
21,60065,14127,22,0,0
55,82699,2531,20,0,1
22,90457,10246,26,0,0
27,83068,12081,20,1,0
52,53393,3015,23,1,0
44,68505,17872,22,0,0
69,46100,9487,18,0,1
42,52998,3367,16,0,1
58,51625,0,15,0,0
28,47807,5507,19,0,0
36,71377,5628,14,0,0
52,63504,0,17,0,0
76,80383,7681,16,0,0
55,47524,3970,16,0,0
78,92594,4868,14,0,0
43,62406,4519,14,0,0
18,70865,27931,17,0,0
67,78814,0,20,0,0
18,57525,10435,21,0,0
74,133940,1233,21,1,0
45,98902,0,25,0,0
42,62661,10811,32,0,0
21,57705,11130,23,0,0
76,61339,8394,29,0,0
58,103953,644,30,1,0
54,86029,15120,17,0,0
73,94439,6592,14,1,0
36,95836,1014,16,0,0
70,62946,6814,23,0,0
79,89897,11321,19,0,1
55,31741,11994,18,0,0
59,58717,9159,25,1,1
75,49155,0,16,0,0
41,49143,8791,19,0,0
51,77410,11565,15,0,0
30,39707,15116,17,0,0
72,62890,0,17,0,0
56,96023,5020,24,0,0
36,82579,9194,16,1,1
30,15000,0,18,0,0
26,96336,7441,18,0,0
35,80149,7431,18,1,0
76,46866,5163,22,0,0
77,93871,12358,21,0,0
58,49712,5102,19,1,1
48,41384,156,16,0,0
32,121270,16301,22,0,0
52,95520,11295,20,0,0
29,86387,7526,18,0,0
56,30671,8776,27,1,0
47,68065,4857,12,0,0
79,107657,8016,16,1,1
70,42435,5207,21,0,1
30,56783,4665,16,0,0
21,60934,10625,25,0,0
36,49281,0,14,1,0
50,56176,19997,14,1,0
23,103075,10593,22,1,0
72,74027,0,18,0,0
59,80063,9498,22,1,0
41,59765,5413,17,0,0
70,99209,15042,24,0,1
26,97212,7335,21,1,0
56,97779,7318,21,0,0
27,90189,0,17,1,0
45,87281,1935,25,0,0
43,58537,13328,22,0,0
39,49932,4739,21,0,0
52,97331,238,24,0,0
53,72798,8322,19,0,0
44,78432,2884,30,0,0
25,38621,7712,21,0,0
44,99766,12020,31,0,0
79,74078,6644,24,0,0
69,18145,7983,23,1,0
40,87064,195,21,0,1
66,86225,6016,19,1,1
41,76707,3548,27,0,0
19,78666,20313,26,0,0
22,15000,3477,29,1,0
41,67164,8340,20,0,0
74,67294,5325,20,1,1
67,45460,11504,17,0,0
30,130216,0,25,1,1
46,39235,11427,26,0,0
41,72796,6897,16,1,0
75,41484,0,27,1,0
32,96310,0,16,0,1
52,78226,9375,19,1,0
59,98505,10714,16,1,0
70,89004,4891,21,0,0
62,87896,3449,14,0,0
35,89348,20211,22,0,0
60,73005,2767,26,0,0
65,26337,8755,20,1,1
79,42315,9189,21,1,0
28,70645,11687,17,0,0
18,53762,0,16,1,0
54,67749,2553,14,0,0
44,88864,0,21,0,0
42,84480,12650,19,0,0
55,71807,0,28,1,1
41,35142,6277,19,0,0
34,54614,6112,21,1,1
61,64273,7170,21,0,1
20,58449,0,26,0,0
26,45867,4157,23,0,0
36,51853,19478,24,0,1
59,69902,6662,23,0,0
64,60282,7724,23,0,0
43,90501,11650,20,0,0
41,64488,15232,20,0,0
55,92606,0,14,0,0
35,83024,10008,24,0,0
65,45030,0,27,1,0
46,49403,26326,18,0,1
40,83743,11009,28,1,1
60,56411,13792,19,0,0
28,73965,0,18,0,0
59,61714,3543,23,0,0
23,36244,2895,20,0,0
27,120340,0,12,0,0
20,85811,2029,17,0,1
51,49657,12238,20,0,0
53,106271,0,12,1,0
61,60153,1708,25,0,0
24,72337,8547,20,0,0
71,81965,7533,22,1,0
62,38386,17393,16,0,1
67,65635,4799,21,0,1
75,46349,14525,28,0,0
60,55699,0,14,0,0
33,95362,14460,24,1,0
45,34643,11938,12,1,0
44,30984,0,15,1,0
67,62837,0,15,1,0
57,30787,8020,17,0,0
77,116593,8482,25,0,1
61,69894,2182,23,1,1
43,106183,5592,27,1,1
37,55861,668,31,0,0
75,60876,16259,17,1,1
45,15000,0,15,1,0
74,15918,9190,17,1,0
37,43906,7742,18,0,0
61,92811,9559,18,0,0
68,62660,3952,25,0,0
61,76770,0,19,1,1
69,55424,8829,24,0,0
51,98742,9135,22,0,1
41,82529,1545,19,0,0
60,66829,14785,20,0,1
18,40693,0,26,1,0
33,99566,16341,26,0,1
26,33792,8127,19,1,0
76,86246,4424,23,0,0
75,91029,6717,24,1,0
55,45792,0,13,0,0
27,33452,0,25,1,0
52,75541,5645,21,0,0
49,33190,0,18,1,0
34,60732,11700,19,0,0
72,125838,14731,21,0,0
76,81094,14325,18,0,0
64,54496,0,15,1,0
48,81348,5530,19,0,0
72,89064,0,22,0,0
58,82259,9021,20,1,0
36,92207,4199,9,1,0
71,77136,4428,17,0,1
45,58821,256,16,0,1
18,32761,3272,19,0,0
65,48427,0,24,0,0
40,95065,2718,26,0,0
33,71169,0,18,0,0
71,79305,0,14,1,0
60,67637,5911,20,1,1
79,103299,0,20,1,1
77,15000,0,15,0,0
61,73519,6488,23,0,0
36,69023,7666,16,0,0
45,87926,7642,20,0,1
25,45172,6092,22,0,0
35,81967,12474,21,0,0
44,58375,1619,21,0,0
44,71498,12930,23,0,1
29,48655,7721,21,1,0
53,89303,13796,14,0,0
38,109520,2891,17,0,0
20,61698,0,22,1,0
78,101363,12905,23,0,0
31,42717,1302,16,1,0
63,66183,8607,21,0,0
52,48203,11729,27,0,0
24,67927,10883,34,0,0
34,98474,15380,20,1,1
72,82050,16943,21,0,0
36,90494,4139,20,1,1
64,96997,0,23,0,1
41,71963,11115,17,0,0
24,32549,12442,19,0,0
30,80849,336,22,0,0
34,76770,10767,20,0,0
28,50218,0,23,1,0
55,90473,6717,21,0,0
44,108414,11304,28,1,0
51,71418,0,13,1,0
68,19177,13801,14,1,0
74,15000,14980,25,0,0
48,15000,3139,20,0,0
34,111432,10740,18,0,0
76,15000,7799,21,1,0
43,15000,11270,20,1,0
23,63673,6504,14,1,0
37,60269,14102,20,0,0
74,61546,2988,18,1,1
52,39954,12704,13,0,0
46,116287,0,15,0,1
49,91332,8730,23,0,0
62,71365,0,20,0,0
41,84076,9640,23,0,0
35,51266,5110,26,0,0
53,93012,7718,18,1,0
28,88279,3818,17,0,1
73,69980,348,17,0,0
56,70379,9430,21,1,0
43,75026,4608,21,1,1
44,64303,3938,18,0,0
62,81877,0,29,0,0
64,24189,5953,23,0,0
28,99106,11324,21,0,1
73,57648,0,27,0,0
49,66963,7291,12,0,0
65,49531,14795,16,0,0
74,71939,3820,25,0,0
58,55840,4322,17,0,0
73,77150,5623,25,0,0
68,83428,11721,22,0,0
56,64676,17254,26,0,1
76,84333,5327,25,0,1
27,94822,1079,20,0,0
77,112314,8254,23,0,0
24,54953,19650,19,1,1
35,64243,7001,21,1,1
42,69332,0,15,1,0
65,119059,6699,27,0,0
66,78653,5149,19,0,0
26,145501,3752,26,0,0
55,88357,9665,26,1,1
43,57080,10908,30,0,1
47,41650,7065,21,0,0
67,77800,5404,23,0,0
75,76508,0,21,1,1
35,42844,5459,22,0,0
68,63182,9251,15,0,0
62,58388,17527,20,0,1
32,83837,0,22,0,0
31,30815,0,24,0,0
36,64646,1954,16,0,0
54,70309,2303,10,0,0
73,36553,13492,24,0,0
27,15000,12167,16,1,0
37,95548,3388,28,0,0
44,15516,5471,20,0,0
55,44028,5988,19,1,0
74,68440,0,13,1,0
25,97547,3186,17,0,0
19,56735,10749,22,0,0
72,77023,12520,20,1,0
64,82194,11043,17,1,1
32,55556,0,22,1,1
19,110754,16360,17,1,0
53,64070,12426,23,0,0
31,40663,560,11,0,0
75,59937,0,12,1,0
36,74385,6220,18,0,0
31,66856,4680,16,0,0
56,71400,7366,16,0,0
30,64760,0,21,0,0
55,51466,7490,22,0,0
22,96389,0,21,1,0
74,69000,2382,23,1,0
66,75138,6362,19,0,0
18,30178,10245,21,0,0
50,79805,10537,19,1,0
60,76388,30612,16,1,1
42,66385,0,22,1,0
59,73953,6821,18,0,0
74,117556,4412,19,1,1
24,21305,0,14,0,0
29,87141,7798,19,1,0
19,55099,11419,24,0,1
61,72512,1434,19,1,0
66,105842,28571,22,1,1
34,37539,0,17,0,0
55,25744,5658,22,1,0
28,89814,0,24,1,1
73,57733,10867,17,0,0
44,55024,5457,24,0,0
42,55412,3130,18,1,0
54,79650,4907,19,0,0
47,68498,10254,16,0,0
54,92450,13698,17,1,0
20,67495,4181,21,0,1
35,23252,7780,20,1,0
50,79959,0,19,0,0
69,130775,8725,16,1,1
32,63618,14820,19,0,0
32,76457,20604,26,0,1
55,39084,1137,22,0,0
24,56893,13124,14,0,0
54,126597,0,24,1,0
70,102387,2099,18,0,0
77,101607,766,17,0,0
22,79787,1570,21,0,0
38,77301,1161,16,0,0
58,23898,10886,19,0,0
60,74811,0,16,0,0
51,66079,474,23,0,0
69,63521,5135,15,1,0
22,80122,6457,20,1,0
58,54077,9870,21,0,0
44,66407,0,17,0,1
70,62466,1227,18,0,0
19,22511,4286,23,0,0
63,90995,9009,19,1,0
54,87252,6028,20,0,0
49,113527,1140,21,1,0
52,50653,9860,10,0,0
23,70890,7259,15,0,0
51,39824,803,24,1,0
48,107034,7064,20,1,1
25,123786,11792,20,1,1
29,46031,1410,23,1,0
39,55927,14236,22,0,0
69,58476,16122,18,0,0
68,60129,3950,29,0,1
61,73855,8093,23,0,0
31,78714,0,18,0,0
55,38235,0,21,0,0
18,40473,5343,23,0,0
38,96952,5309,17,0,0
45,70404,5827,20,0,1
75,56667,0,14,0,0
55,84240,9510,18,1,0
40,36809,8316,15,0,0
65,15000,0,23,0,0
63,38260,0,15,0,0
79,110694,4681,26,1,0
18,69315,9034,22,0,0
58,111602,10298,20,0,0
35,49304,0,29,0,0
40,114228,13360,22,0,1
40,74915,4856,23,1,0
42,76157,1153,21,0,0
78,125667,1957,18,0,1
33,105801,1438,20,0,0
45,86914,9069,19,0,0
74,48372,0,19,0,0
78,55988,8476,19,0,0
77,76109,18256,19,1,1
48,108665,25184,16,0,0
40,66530,0,24,0,0
75,76682,12872,15,1,1
51,81079,11933,17,0,0
31,46204,11315,18,0,0
49,76250,0,18,1,0
62,68239,7460,18,0,0
58,58522,15797,17,0,0
57,103590,8056,23,0,0
22,84145,0,23,0,0
29,65070,0,28,0,0
30,77140,10365,21,0,0
61,46695,10917,27,0,0
63,59095,18476,26,0,1
79,26588,3801,19,1,1
23,103022,2387,23,1,0
29,74134,17017,21,0,0
63,26914,2655,26,1,0
33,67327,3374,23,1,0
67,50344,0,19,1,0
60,57256,14096,14,1,0
37,52846,0,19,1,0
31,66593,2050,16,1,0
27,24343,6715,23,1,0
37,57686,0,18,0,0
28,50200,9119,22,0,0
60,97292,585,25,0,0
55,106059,0,21,0,0
49,56677,951,25,0,1
20,60222,9054,18,0,0
46,70922,1835,20,1,1
49,65729,5324,20,1,0
73,97990,5634,25,0,1
45,111690,3250,20,0,0
35,87406,3866,29,0,0
72,82616,7114,15,1,0
34,85455,13670,17,0,0
20,87995,19014,23,1,1
36,72500,4972,24,0,0
65,128366,2112,20,1,0
57,66137,0,24,1,0
68,61405,13828,25,0,0
67,55670,5108,25,0,0
67,90743,13948,15,1,0
45,94871,176,28,1,0
21,68786,15508,21,1,0
53,73378,7425,28,0,0
21,36638,4982,15,0,0
72,34855,0,20,0,0
33,88967,0,22,1,0
25,86510,0,25,1,1
72,47062,17632,14,0,0
70,66077,0,18,0,0
79,81213,10564,19,0,1
50,66577,12206,21,0,1
34,59845,3906,18,0,0
72,98344,5210,23,1,0
58,15000,9268,17,0,0
59,24932,10482,20,1,0
24,50706,2624,22,0,0
22,77270,8421,28,0,0
49,82473,6269,20,0,0
55,15000,13164,22,0,0
49,75642,16962,23,0,0
76,42139,3132,16,1,0
76,74969,3505,13,1,0
65,61619,11203,21,1,0
21,36397,20483,22,1,1
72,72410,877,21,0,0
27,116351,16842,19,1,1
46,71552,0,23,0,0
64,68383,6513,19,0,0
65,89070,8657,16,1,1
63,34083,0,14,1,0
26,50509,0,26,0,0
32,98534,11876,24,1,0
44,61090,1803,25,0,0
30,55328,9475,19,0,0
22,55618,11889,11,1,0
61,60758,8871,19,0,0
37,120497,0,19,0,0
35,68328,16146,22,0,0
40,28463,9584,20,0,0
68,44325,2029,20,1,0
55,17419,4099,20,0,0
42,84137,5507,15,0,0
33,15000,23345,29,0,0
23,83115,9235,20,0,0
56,66990,0,36,1,1
21,92128,3863,13,1,1
39,27282,7751,26,1,0
57,88761,2224,19,1,1
37,54843,9584,24,0,0
79,44117,4271,21,1,0
75,95094,6186,18,0,0
68,75115,0,16,1,0
76,66304,17344,23,1,0
26,60881,11555,31,0,0
38,65718,0,22,0,1
24,96196,11559,18,0,0
70,112940,6474,8,0,1
48,58299,13813,27,0,0
29,60474,1765,21,0,0
42,68351,3842,14,0,1
32,64779,7038,23,0,0
64,107149,1416,19,0,0
24,57496,8210,15,1,0
31,35528,34,13,1,0
75,58088,0,12,0,0
76,59760,0,24,0,1
69,63795,17111,24,0,1
30,56976,9524,24,1,0
40,82637,14501,23,0,1
24,67549,7238,22,0,0
49,101768,0,22,0,0
53,71365,1216,19,0,1
58,38531,3103,23,1,0
72,58214,8908,18,1,0
44,68782,7315,17,1,0
41,89722,8947,24,1,1
27,87419,14501,19,1,0
42,18339,0,13,0,0
69,79438,13645,25,0,0
75,55790,0,12,0,0
66,78813,2206,22,0,0
25,87112,0,29,0,0
53,93287,0,19,0,0
71,23081,22507,21,1,0
25,80368,10639,22,0,1
52,75434,14271,17,1,1
47,70391,9773,18,0,0
27,103917,12601,26,0,0
26,101223,16230,19,0,0
39,90990,8282,22,1,0
52,17912,2542,16,0,0
74,83237,17269,22,1,1
76,84654,0,18,1,0
39,58811,1225,23,0,0
49,100600,646,21,0,0
48,77921,2579,15,0,0
19,112365,0,21,1,1
26,85874,0,18,0,0
62,45654,13969,17,0,0
43,73659,78,10,1,0
52,98770,2757,16,1,1
48,43505,25098,30,1,0
75,41468,5746,23,1,0
36,61703,7709,27,0,0
21,55655,4874,25,0,0
23,80741,0,27,1,0
50,47910,544,34,1,0
53,39166,9782,26,0,0
29,53944,11375,21,0,0
69,65300,7557,26,1,1
39,64435,0,20,0,0
33,66065,8527,22,0,0
30,40312,0,23,0,0
57,74584,19696,18,1,0
55,73549,0,21,1,0
66,102646,1451,12,1,0
21,65361,5767,20,0,0
42,86742,9799,19,0,0
23,122162,9213,20,0,0
45,37741,9554,24,0,0
35,64230,8832,18,1,1
54,51918,19917,24,0,1
49,38906,1415,23,0,1
76,94179,0,19,0,0
29,111131,1123,21,1,0
23,87769,13996,24,0,0
33,58804,14928,23,0,0
44,60231,1954,17,0,0
66,73679,3579,19,0,0
31,81880,0,10,0,0
26,63379,16717,19,1,0
70,15000,7503,19,0,0
75,74281,10641,23,0,1
54,112024,1769,22,1,0
69,35966,5473,19,0,0
51,89649,18752,31,0,0
55,88571,504,25,0,0
20,84335,12407,24,0,0
75,69583,6129,22,1,1
47,103806,13571,23,0,1
48,102239,663,17,0,0
59,65685,8260,20,0,0
29,57108,5372,26,0,0
49,57956,0,21,0,0
19,94221,2954,24,0,1
31,68521,4870,12,1,0
34,53793,2591,23,0,0
53,91491,6897,22,0,0
74,80362,2139,20,0,0
76,108378,9253,26,1,1
34,82547,5583,20,0,1
59,96796,0,24,0,0
45,109185,12818,22,0,1
36,97362,3562,26,0,0
33,94546,364,25,0,0
47,58218,5657,21,0,0
49,60645,1485,29,1,0
37,60878,16128,22,0,0
27,81311,747,20,0,0
23,68215,6289,17,0,0
71,36934,20610,23,0,1
20,83310,13610,28,0,0
56,81686,9854,21,0,0
60,54839,2762,28,0,0
34,80335,1615,14,0,0
67,77010,6590,18,0,0
26,40772,5199,16,0,0
66,85960,5291,18,1,1
59,62382,0,14,0,0
46,72351,15205,22,0,0
66,107096,0,20,0,0
74,55792,7203,21,0,0
68,51686,7473,17,0,0
66,36101,0,19,1,1
73,78581,375,22,0,0
38,101020,15174,18,1,1
71,76644,6377,21,0,1
25,44117,7386,22,0,0
36,66291,6508,24,0,1
58,67100,7289,13,1,1
60,63274,2603,13,1,0
38,48681,14115,13,0,0
35,60921,0,18,0,0
54,51142,4289,18,1,1
60,93402,3723,20,0,0
57,43530,12141,11,0,1
61,57209,5747,22,0,0
70,47455,6222,23,0,0
18,110988,4880,19,0,0
71,41341,3661,17,0,0
39,75662,6299,14,1,0
79,109488,12147,22,0,1
27,42453,8497,22,0,1
74,83551,11277,14,1,1
39,81626,10880,9,1,0
69,103074,10816,21,0,0
66,37803,3280,21,1,0
35,42294,5979,20,0,1
19,99279,5119,24,0,0
34,91070,3095,24,0,0
43,55967,7691,29,1,0
31,78234,18159,13,0,0
25,37500,0,23,1,0
63,71169,2839,23,1,1
44,93955,0,15,0,0
70,58406,8445,27,0,0
70,28705,7820,21,0,0
58,15318,10968,21,0,0
23,46823,5598,21,0,0
63,41449,0,17,0,0
73,112582,0,22,0,0
54,63757,7004,15,0,1
45,58733,2153,20,0,0
47,55498,474,20,0,0
38,76895,4232,27,0,0
30,32437,4657,19,0,0
67,94226,0,17,0,0
35,87441,15775,19,0,0
48,37264,3116,23,0,1
21,67827,3636,20,0,0
54,115788,4317,22,0,0
73,46444,18072,17,1,0
46,54500,1096,17,1,0
64,94908,0,24,1,1
73,61510,2347,19,0,1
63,111535,7827,15,1,1
19,43293,10362,21,0,0
61,50348,4042,30,0,0
39,89434,18711,25,0,0
78,91386,0,23,0,0
44,119500,15662,17,1,0
20,94032,13534,17,0,0
51,129749,8967,26,1,1
34,96178,7015,19,1,1
65,84831,0,29,0,0
47,119667,4256,17,0,1
37,120182,1526,26,1,1
33,114327,319,23,0,0
52,52882,4441,25,0,0
23,61245,17022,19,0,0
28,81639,1675,16,1,0
23,52952,2509,20,0,0
63,70620,0,23,0,0
55,87086,18742,17,0,0
42,69217,0,19,0,0
60,87769,7168,25,0,0
30,53910,15641,26,1,1
64,92236,11437,17,1,1
53,39137,9932,29,0,0
50,145344,3358,22,0,0
52,64541,13334,16,0,0
67,55359,13926,15,0,0
25,82125,4422,24,0,0
56,107183,13028,21,1,0
40,50118,0,14,0,0
45,111942,11886,24,1,0
62,59212,4464,20,0,0
61,75177,9145,21,1,0
69,78718,6035,19,0,1
19,36357,4462,19,1,0
41,137012,2379,29,1,1
43,82200,0,16,1,0
57,80472,0,14,0,0
29,34696,0,24,0,0
26,51231,2853,12,0,0
70,77005,20757,19,1,1
49,35666,1452,16,0,0
34,49438,0,26,0,0
62,94104,0,22,0,0
62,73948,16481,18,1,1
20,126673,5019,16,0,0
61,64604,0,17,0,0
61,75725,4064,18,1,1
66,106570,12952,13,1,0
50,59748,13900,23,0,0
67,85722,0,21,1,0
73,60265,0,17,0,0
56,70876,8049,23,1,0
22,54509,2709,28,0,0
23,62872,8447,19,0,0
39,70824,13006,25,0,0
35,76010,14667,17,0,0
78,63591,6503,13,0,0
57,116947,15098,23,1,1
61,99790,15073,32,0,0
58,75972,8855,9,0,0
21,26751,0,17,0,0
19,92046,1352,22,0,0
58,42004,1906,16,0,0
59,83658,10156,29,1,0
19,67146,3497,20,0,0
22,83620,6277,26,1,0
74,125151,0,22,1,0
34,48531,153,10,1,0
57,92507,6557,15,1,0
78,49937,6809,17,0,0
69,29472,10309,23,0,0
58,66955,0,16,1,0
23,103376,10038,22,1,0
26,90334,6569,22,0,0
69,30223,9593,21,0,0
77,84865,22079,18,0,1
69,26587,1410,12,0,0
74,63513,3428,19,1,0
56,76224,18429,22,1,1
47,72120,0,13,1,1
63,80822,13508,20,1,1
36,57191,3044,13,0,1
68,60913,7165,23,0,0
37,90978,5962,23,1,1
26,83093,12849,17,0,1
50,63604,2340,13,0,0
33,66593,4749,13,1,0
42,18143,12350,21,0,0
75,49306,8914,25,0,0
65,41026,0,26,0,0
39,51286,5537,21,1,0
76,80570,3890,19,0,1
77,66352,14436,27,0,0
34,54254,0,23,0,0
45,52588,10387,25,0,0
18,128525,3645,24,0,0
63,63357,8953,25,0,0
60,76062,7513,23,1,1
18,52042,460,16,0,0
62,48297,0,18,0,0
26,71091,2896,13,1,0
67,85451,8290,13,0,0
68,55091,9812,19,0,0
67,47969,4501,24,1,0
52,75084,6521,28,1,1
39,72265,9022,23,1,0
71,57515,13,23,1,1
51,89340,5071,17,0,0
74,114199,1597,15,1,0
77,97643,0,23,0,0
26,91112,12055,30,0,0
72,106861,4573,25,0,0
21,46519,611,25,1,0
34,30113,0,19,1,0
35,110019,8148,25,0,0
66,93019,11369,24,0,0
53,81003,12614,20,0,0
65,71163,2766,17,0,0
57,87065,8228,24,0,0
55,96589,12120,21,1,0
36,93981,0,20,0,0
79,67132,2444,29,1,1
57,56864,12665,22,0,1
